{
  "policy_name": "M1_policy_pose_freeze",
  "variant": 2,
  "conditions": [
    "1",
    "5",
    "10",
    "15",
    "20",
    "25",
    "30",
    "35"
  ],
  "durations": [
    5,
    10,
    20,
    40,
    80
  ],
  "success_matrix": [
    [
      0.852882703777336,
      0.8978388998035364,
      0.7584158415841584,
      0.5496031746031746,
      0.24652087475149106
    ],
    [
      0.648,
      0.844,
      0.66,
      0.5249500998003992,
      0.19767441860465115
    ],
    [
      0.7932405566600398,
      0.8607350096711799,
      0.7609561752988048,
      0.6966067864271457,
      0.734
    ],
    [
      0.9287128712871288,
      0.8867562380038387,
      0.9382239382239382,
      0.9610136452241715,
      0.9465346534653465
    ],
    [
      0.8902195608782435,
      0.8884462151394422,
      0.8426294820717132,
      0.878968253968254,
      0.8043912175648703
    ],
    [
      0.8906560636182903,
      0.8449304174950298,
      0.8426294820717132,
      0.8187250996015937,
      0.805168986083499
    ],
    [
      0.822,
      0.774,
      0.7972166998011928,
      0.7788844621513944,
      0.7579365079365079
    ],
    [
      0.7752525252525253,
      0.7713414634146342,
      0.7318435754189944,
      0.6264367816091954,
      0.6485714285714286
    ]
  ],
  "timestamp": "2026-01-14T21:36:59.067783",
  "seed": 42,
  "num_episodes_per_condition": 500
}