{
  "policy_name": "M1_policy_pose_freeze",
  "variant": 1,
  "conditions": [
    "reach",
    "grasp",
    "lift",
    "transport",
    "place"
  ],
  "durations": [
    5,
    10,
    20,
    40,
    80
  ],
  "success_matrix": [
    [
      0.642578125,
      0.8544061302681992,
      0.7638888888888888,
      0.5049701789264414,
      0.1553398058252427
    ],
    [
      0.7586872586872587,
      0.8703339882121808,
      0.7465069860279441,
      0.560546875,
      0.16533864541832669
    ],
    [
      0.8297029702970297,
      0.7980198019801981,
      0.758,
      0.6745562130177515,
      0.348
    ],
    [
      0.8534653465346534,
      0.8122529644268774,
      0.7628458498023716,
      0.6198019801980198,
      0.3365570599613153
    ],
    [
      0.839458413926499,
      0.94,
      0.8813229571984436,
      0.9244532803180915,
      0.8875968992248062
    ]
  ],
  "timestamp": "2026-01-14T20:48:35.770397",
  "seed": 42,
  "num_episodes_per_condition": 500
}