{
  "policy_name": "M1_policy_pose_delay",
  "variant": 1,
  "conditions": [
    "reach",
    "grasp",
    "lift",
    "transport",
    "place"
  ],
  "durations": [
    5,
    10,
    20,
    40,
    80
  ],
  "success_matrix": [
    [
      0.7940594059405941,
      0.7817460317460317,
      0.7592954990215264,
      0.6686507936507936,
      0.6007905138339921
    ],
    [
      0.872093023255814,
      0.8988326848249028,
      0.8582677165354331,
      0.8622754491017964,
      0.854
    ],
    [
      0.894,
      0.8667992047713717,
      0.8158415841584158,
      0.844311377245509,
      0.8403193612774451
    ],
    [
      0.8333333333333334,
      0.8067061143984221,
      0.7833001988071571,
      0.8122529644268774,
      0.7690802348336595
    ],
    [
      0.8801571709233792,
      0.8816568047337278,
      0.8356164383561644,
      0.8846918489065606,
      0.8818897637795275
    ]
  ],
  "timestamp": "2026-01-14T20:56:15.430687",
  "seed": 42,
  "num_episodes_per_condition": 500
}