{
  "policy_name": "M1_policy_pose_hard",
  "variant": 1,
  "conditions": [
    "reach",
    "grasp",
    "lift",
    "transport",
    "place"
  ],
  "durations": [
    5,
    10,
    20,
    40,
    80
  ],
  "success_matrix": [
    [
      0.944,
      0.09888059701492537,
      0.023809523809523808,
      0.00998003992015968,
      0.0
    ],
    [
      0.7678571428571429,
      0.7924151696606786,
      0.562992125984252,
      0.2894211576846307,
      0.0
    ],
    [
      0.6155378486055777,
      0.8055009823182712,
      0.7801980198019802,
      0.5688622754491018,
      0.00597609561752988
    ],
    [
      0.6900584795321637,
      0.8405511811023622,
      0.7544554455445545,
      0.5108481262327417,
      0.003937007874015748
    ],
    [
      0.7627450980392156,
      0.8781925343811395,
      0.7362204724409449,
      0.5770750988142292,
      0.4756335282651072
    ]
  ],
  "timestamp": "2026-01-14T20:40:05.220586",
  "seed": 42,
  "num_episodes_per_condition": 500
}