{
  "policy_name": "M1_policy_pose_delay",
  "variant": 2,
  "conditions": [
    "1",
    "5",
    "10",
    "15",
    "20",
    "25",
    "30",
    "35"
  ],
  "durations": [
    5,
    10,
    20,
    40,
    80
  ],
  "success_matrix": [
    [
      0.8545816733067729,
      0.6798418972332015,
      0.7594433399602386,
      0.623046875,
      0.5621301775147929
    ],
    [
      0.8,
      0.8217821782178217,
      0.7844311377245509,
      0.7795275590551181,
      0.7524950099800399
    ],
    [
      0.7960396039603961,
      0.8074656188605108,
      0.7854330708661418,
      0.7710371819960861,
      0.8011811023622047
    ],
    [
      0.9187145557655955,
      0.916015625,
      0.9806576402321083,
      0.962756052141527,
      0.9823182711198428
    ],
    [
      0.894,
      0.8784860557768924,
      0.8886679920477137,
      0.874251497005988,
      0.876
    ],
    [
      0.898406374501992,
      0.8653465346534653,
      0.864,
      0.8548707753479126,
      0.8356435643564356
    ],
    [
      0.8203592814371258,
      0.832,
      0.812,
      0.8263473053892215,
      0.8183632734530938
    ],
    [
      0.7333333333333333,
      0.6944444444444444,
      0.7703081232492998,
      0.754874651810585,
      0.7275362318840579
    ]
  ],
  "timestamp": "2026-01-14T21:55:50.730800",
  "seed": 42,
  "num_episodes_per_condition": 500
}