{
  "policy_name": "M1_policy_pose_hard",
  "variant": 2,
  "conditions": [
    "1",
    "5",
    "10",
    "15",
    "20",
    "25",
    "30",
    "35"
  ],
  "durations": [
    5,
    10,
    20,
    40,
    80
  ],
  "success_matrix": [
    [
      0.7285429141716567,
      0.194,
      0.039525691699604744,
      0.04572564612326044,
      0.006
    ],
    [
      0.72,
      0.7416173570019724,
      0.5486381322957199,
      0.23622047244094488,
      0.0
    ],
    [
      0.8027888446215139,
      0.8188976377952756,
      0.7341269841269841,
      0.5217391304347826,
      0.20078740157480315
    ],
    [
      0.8840864440078585,
      0.9233791748526523,
      0.8604651162790697,
      0.8127490039840638,
      0.8027613412228797
    ],
    [
      0.8565815324165029,
      0.808,
      0.7753479125248509,
      0.689108910891089,
      0.499001996007984
    ],
    [
      0.8665338645418327,
      0.8376237623762376,
      0.7465069860279441,
      0.621031746031746,
      0.5409181636726547
    ],
    [
      0.7912524850894632,
      0.7664670658682635,
      0.6952191235059761,
      0.478,
      0.4442231075697211
    ],
    [
      0.7563025210084033,
      0.7314285714285714,
      0.6443768996960486,
      0.3939393939393939,
      0.3971830985915493
    ]
  ],
  "timestamp": "2026-01-14T21:17:57.022294",
  "seed": 42,
  "num_episodes_per_condition": 500
}