{
  "policy_name": "M2_policy_pose_delay",
  "variant": 2,
  "conditions": [
    "1",
    "5",
    "10",
    "15",
    "20",
    "25",
    "30",
    "35"
  ],
  "durations": [
    5,
    10,
    20,
    40,
    80
  ],
  "success_matrix": [
    [
      0.8685258964143426,
      0.4541832669322709,
      0.5,
      0.4407114624505929,
      0.346
    ],
    [
      0.7782178217821782,
      0.888,
      0.9544554455445544,
      0.8786692759295499,
      0.9346534653465347
    ],
    [
      0.896,
      0.9235294117647059,
      0.9041916167664671,
      0.904572564612326,
      0.8816568047337278
    ],
    [
      0.9295499021526419,
      0.9495145631067962,
      0.9270216962524654,
      0.94140625,
      0.9177820267686424
    ],
    [
      0.9640718562874252,
      0.9720558882235529,
      0.9765166340508806,
      0.9743589743589743,
      0.9742574257425742
    ],
    [
      0.9780876494023905,
      0.9681274900398407,
      0.94831013916501,
      0.952,
      0.954183266932271
    ],
    [
      0.8902195608782435,
      0.896,
      0.8622754491017964,
      0.882703777335984,
      0.872255489021956
    ],
    [
      0.7944111776447106,
      0.796,
      0.8083832335329342,
      0.7860082304526749,
      0.812375249500998
    ]
  ],
  "timestamp": "2026-01-14T23:16:27.908107",
  "seed": 42,
  "num_episodes_per_condition": 500
}