{
  "policy_name": "M2_policy_pose_hard",
  "variant": 2,
  "conditions": [
    "1",
    "5",
    "10",
    "15",
    "20",
    "25",
    "30",
    "35"
  ],
  "durations": [
    5,
    10,
    20,
    40,
    80
  ],
  "success_matrix": [
    [
      0.7377690802348337,
      0.202,
      0.274,
      0.13717693836978131,
      0.008
    ],
    [
      0.49607843137254903,
      0.4930966469428008,
      0.2634730538922156,
      0.04940711462450593,
      0.002
    ],
    [
      0.8199608610567515,
      0.906,
      0.8248031496062992,
      0.518664047151277,
      0.13976377952755906
    ],
    [
      0.9256360078277887,
      0.9365079365079365,
      0.8424124513618677,
      0.6381709741550696,
      0.4372549019607843
    ],
    [
      0.8946322067594433,
      0.9604743083003953,
      0.8974358974358975,
      0.852,
      0.8203592814371258
    ],
    [
      0.9171597633136095,
      0.8948412698412699,
      0.8280632411067194,
      0.738,
      0.678
    ],
    [
      0.842,
      0.734,
      0.6906187624750499,
      0.5149700598802395,
      0.4731610337972167
    ],
    [
      0.7544910179640718,
      0.7225548902195609,
      0.624,
      0.3739669421487603,
      0.3404710920770878
    ]
  ],
  "timestamp": "2026-01-14T22:42:38.648686",
  "seed": 42,
  "num_episodes_per_condition": 500
}