{
  "policy_name": "M2_policy_pose_freeze",
  "variant": 2,
  "conditions": [
    "1",
    "5",
    "10",
    "15",
    "20",
    "25",
    "30",
    "35"
  ],
  "durations": [
    5,
    10,
    20,
    40,
    80
  ],
  "success_matrix": [
    [
      0.8782435129740519,
      0.89453125,
      0.9,
      0.8352941176470589,
      0.1843137254901961
    ],
    [
      0.7724550898203593,
      0.9244532803180915,
      0.9035433070866141,
      0.7992125984251969,
      0.14940239043824702
    ],
    [
      0.8118811881188119,
      0.9264413518886679,
      0.9087301587301587,
      0.8346613545816733,
      0.826
    ],
    [
      0.9643564356435643,
      0.9744597249508841,
      0.9638095238095238,
      0.9789674952198852,
      0.970703125
    ],
    [
      0.9766536964980544,
      0.9645669291338582,
      0.9786821705426356,
      0.9782178217821782,
      0.9722222222222222
    ],
    [
      0.9742063492063492,
      0.958498023715415,
      0.9582504970178927,
      0.9401197604790419,
      0.9580838323353293
    ],
    [
      0.8908730158730159,
      0.9,
      0.8962075848303394,
      0.808,
      0.805940594059406
    ],
    [
      0.81,
      0.8083832335329342,
      0.7534791252485089,
      0.718,
      0.71
    ]
  ],
  "timestamp": "2026-01-14T22:59:34.507955",
  "seed": 42,
  "num_episodes_per_condition": 500
}