{
  "policy_name": "M2_policy_pose_hard",
  "variant": 1,
  "conditions": [
    "reach",
    "grasp",
    "lift",
    "transport",
    "place"
  ],
  "durations": [
    5,
    10,
    20,
    40,
    80
  ],
  "success_matrix": [
    [
      0.3988212180746562,
      0.104,
      0.08383233532934131,
      0.0658682634730539,
      0.001996007984031936
    ],
    [
      0.852589641434263,
      0.916,
      0.7704590818363274,
      0.3852295409181637,
      0.023668639053254437
    ],
    [
      0.7410358565737052,
      0.8764940239043825,
      0.7504990019960079,
      0.598,
      0.042
    ],
    [
      0.7830374753451677,
      0.8190854870775348,
      0.768,
      0.5932539682539683,
      0.02976190476190476
    ],
    [
      0.8467583497053045,
      0.8781925343811395,
      0.7855750487329435,
      0.5456349206349206,
      0.368
    ]
  ],
  "timestamp": "2026-01-14T22:06:43.525040",
  "seed": 42,
  "num_episodes_per_condition": 500
}