{
  "policy_name": "M2_policy_pose_delay",
  "variant": 1,
  "conditions": [
    "reach",
    "grasp",
    "lift",
    "transport",
    "place"
  ],
  "durations": [
    5,
    10,
    20,
    40,
    80
  ],
  "success_matrix": [
    [
      0.7338551859099804,
      0.5227722772277228,
      0.508,
      0.43366336633663366,
      0.3438735177865613
    ],
    [
      0.7841584158415842,
      0.9549019607843138,
      0.949119373776908,
      0.9287128712871288,
      0.9313725490196079
    ],
    [
      0.9013806706114399,
      0.9274509803921569,
      0.9101796407185628,
      0.873015873015873,
      0.8662674650698603
    ],
    [
      0.8831683168316832,
      0.90625,
      0.8886679920477137,
      0.9103585657370518,
      0.9171597633136095
    ],
    [
      0.9133858267716536,
      0.9412915851272016,
      0.9488188976377953,
      0.9262948207171314,
      0.9156862745098039
    ]
  ],
  "timestamp": "2026-01-14T22:22:17.450889",
  "seed": 42,
  "num_episodes_per_condition": 500
}