{
  "policy_name": "M2_policy_pose_freeze",
  "variant": 1,
  "conditions": [
    "reach",
    "grasp",
    "lift",
    "transport",
    "place"
  ],
  "durations": [
    5,
    10,
    20,
    40,
    80
  ],
  "success_matrix": [
    [
      0.6560636182902585,
      0.9108910891089109,
      0.9365079365079365,
      0.8423153692614771,
      0.10778443113772455
    ],
    [
      0.8759842519685039,
      0.9271653543307087,
      0.9341317365269461,
      0.7365269461077845,
      0.10756972111553785
    ],
    [
      0.9206349206349206,
      0.9101796407185628,
      0.912,
      0.882,
      0.5148514851485149
    ],
    [
      0.8687872763419483,
      0.8792079207920792,
      0.8489065606361829,
      0.8257425742574257,
      0.21893491124260356
    ],
    [
      0.9051383399209486,
      0.9881188118811881,
      0.9683168316831683,
      0.9720558882235529,
      0.9709302325581395
    ]
  ],
  "timestamp": "2026-01-14T22:14:34.589102",
  "seed": 42,
  "num_episodes_per_condition": 500
}