{
  "policy_name": "M3_pose_pose_hard",
  "variant": 1,
  "conditions": [
    "reach",
    "grasp",
    "lift",
    "transport",
    "place"
  ],
  "durations": [
    5,
    10,
    20,
    40,
    80
  ],
  "success_matrix": [
    [
      0.6624803767660911,
      0.03992015968063872,
      0.0,
      0.0,
      0.0
    ],
    [
      0.786,
      0.8784860557768924,
      0.7674418604651163,
      0.580896686159844,
      0.05511811023622047
    ],
    [
      0.7207920792079208,
      0.9623762376237623,
      0.8628230616302187,
      0.6739562624254473,
      0.11553784860557768
    ],
    [
      0.6487025948103793,
      0.9722222222222222,
      0.8320158102766798,
      0.624750499001996,
      0.032
    ],
    [
      0.8196078431372549,
      0.9596153846153846,
      0.9301397205588823,
      0.757455268389662,
      0.727810650887574
    ]
  ],
  "timestamp": "2026-01-14T23:25:43.272788",
  "seed": 42,
  "num_episodes_per_condition": 500
}