{
  "policy_name": "M3_pose_pose_delay",
  "variant": 2,
  "conditions": [
    "1",
    "5",
    "10",
    "15",
    "20",
    "25",
    "30",
    "35"
  ],
  "durations": [
    5,
    10,
    20,
    40,
    80
  ],
  "success_matrix": [
    [
      0.9262948207171314,
      0.925343811394892,
      0.9112426035502958,
      0.8764940239043825,
      0.8313492063492064
    ],
    [
      0.9782178217821782,
      0.9747081712062257,
      0.9705304518664047,
      0.960552268244576,
      0.9566929133858267
    ],
    [
      0.980276134122288,
      0.9880952380952381,
      0.9941176470588236,
      0.9881889763779528,
      0.982421875
    ],
    [
      0.9885057471264368,
      0.9905482041587902,
      0.998062015503876,
      0.9883268482490273,
      0.9905838041431262
    ],
    [
      0.9841897233201581,
      0.994,
      0.9881656804733728,
      0.9861660079051383,
      0.9822134387351779
    ],
    [
      0.7768924302788844,
      0.804,
      0.8003992015968064,
      0.7976190476190477,
      0.778
    ],
    [
      0.5422222222222223,
      0.5823293172690763,
      0.48,
      0.5077519379844961,
      0.5
    ],
    [
      0.4147727272727273,
      0.3465909090909091,
      0.3626373626373626,
      0.3312883435582822,
      0.3742690058479532
    ]
  ],
  "timestamp": "2026-01-15T00:42:48.417543",
  "seed": 42,
  "num_episodes_per_condition": 500
}