{
  "policy_name": "M3_pose_pose_freeze",
  "variant": 2,
  "conditions": [
    "1",
    "5",
    "10",
    "15",
    "20",
    "25",
    "30",
    "35"
  ],
  "durations": [
    5,
    10,
    20,
    40,
    80
  ],
  "success_matrix": [
    [
      0.9523809523809523,
      0.958904109589041,
      0.9496124031007752,
      0.9418604651162791,
      0.47514910536779326
    ],
    [
      0.6468253968253969,
      0.9900793650793651,
      0.9800399201596807,
      0.932,
      0.386
    ],
    [
      0.8932806324110671,
      0.9940476190476191,
      0.982725527831094,
      0.99,
      0.9940711462450593
    ],
    [
      0.9943181818181818,
      0.9980988593155894,
      0.9960079840319361,
      0.998019801980198,
      1.0
    ],
    [
      0.974308300395257,
      0.9880715705765407,
      0.9780876494023905,
      0.9783037475345168,
      0.9920948616600791
    ],
    [
      0.818,
      0.78,
      0.8303393213572854,
      0.7868525896414342,
      0.7762376237623763
    ],
    [
      0.46956521739130436,
      0.5167464114832536,
      0.6051502145922747,
      0.4978902953586498,
      0.5100401606425703
    ],
    [
      0.36904761904761907,
      0.3630952380952381,
      0.41420118343195267,
      0.26857142857142857,
      0.34502923976608185
    ]
  ],
  "timestamp": "2026-01-15T00:22:21.034535",
  "seed": 42,
  "num_episodes_per_condition": 500
}