{
  "policy_name": "M3_pose_pose_freeze",
  "variant": 1,
  "conditions": [
    "reach",
    "grasp",
    "lift",
    "transport",
    "place"
  ],
  "durations": [
    5,
    10,
    20,
    40,
    80
  ],
  "success_matrix": [
    [
      0.9714285714285714,
      0.9684418145956607,
      0.9728682170542635,
      0.9484126984126984,
      0.20119521912350596
    ],
    [
      0.9306930693069307,
      0.97678916827853,
      0.980544747081712,
      0.9259259259259259,
      0.264
    ],
    [
      0.7868525896414342,
      0.9840954274353877,
      0.9683794466403162,
      0.8807157057654076,
      0.33136094674556216
    ],
    [
      0.9631067961165048,
      0.9780876494023905,
      0.966,
      0.952,
      0.1787819253438114
    ],
    [
      0.9690522243713733,
      0.996039603960396,
      0.9921414538310412,
      0.9920477137176938,
      0.9803921568627451
    ]
  ],
  "timestamp": "2026-01-14T23:32:48.690064",
  "seed": 42,
  "num_episodes_per_condition": 500
}