{
  "policy_name": "M3_pose_pose_hard",
  "variant": 2,
  "conditions": [
    "1",
    "5",
    "10",
    "15",
    "20",
    "25",
    "30",
    "35"
  ],
  "durations": [
    5,
    10,
    20,
    40,
    80
  ],
  "success_matrix": [
    [
      0.9246031746031746,
      0.2,
      0.0,
      0.0,
      0.0
    ],
    [
      0.7844311377245509,
      0.462,
      0.06560636182902585,
      0.028,
      0.0
    ],
    [
      0.7992047713717694,
      0.9482071713147411,
      0.9485148514851485,
      0.841897233201581,
      0.6586826347305389
    ],
    [
      0.8832391713747646,
      0.9882121807465619,
      0.98046875,
      0.9647058823529412,
      0.9563492063492064
    ],
    [
      0.964,
      0.9524752475247524,
      0.8455445544554455,
      0.7956777996070727,
      0.806
    ],
    [
      0.926,
      0.906187624750499,
      0.736,
      0.746,
      0.698
    ],
    [
      0.8493723849372385,
      0.8464730290456431,
      0.5689655172413793,
      0.5672268907563025,
      0.5311203319502075
    ],
    [
      0.7424242424242424,
      0.8630952380952381,
      0.5257142857142857,
      0.46994535519125685,
      0.5360824742268041
    ]
  ],
  "timestamp": "2026-01-15T00:01:49.182719",
  "seed": 42,
  "num_episodes_per_condition": 500
}