{
  "policy_name": "M3_pose_pose_delay",
  "variant": 1,
  "conditions": [
    "reach",
    "grasp",
    "lift",
    "transport",
    "place"
  ],
  "durations": [
    5,
    10,
    20,
    40,
    80
  ],
  "success_matrix": [
    [
      0.970873786407767,
      0.9115913555992141,
      0.898,
      0.732,
      0.718503937007874
    ],
    [
      0.9140625,
      0.9803536345776032,
      0.9623015873015873,
      0.976,
      0.9781746031746031
    ],
    [
      0.9780876494023905,
      0.9387351778656127,
      0.9683168316831683,
      0.9382470119521913,
      0.9641434262948207
    ],
    [
      0.98,
      0.9740518962075848,
      0.9763779527559056,
      0.950199203187251,
      0.9682539682539683
    ],
    [
      0.9134615384615384,
      0.9806201550387597,
      0.9844961240310077,
      0.9821782178217822,
      0.982824427480916
    ]
  ],
  "timestamp": "2026-01-14T23:39:47.543191",
  "seed": 42,
  "num_episodes_per_condition": 500
}