{
  "policy_name": "M4_pose_pose_delay",
  "variant": 2,
  "conditions": [
    "1",
    "5",
    "10",
    "15",
    "20",
    "25",
    "30",
    "35"
  ],
  "durations": [
    5,
    10,
    20,
    40,
    80
  ],
  "success_matrix": [
    [
      0.96,
      0.9921104536489151,
      0.93812375249501,
      0.8487229862475442,
      0.6407185628742516
    ],
    [
      0.8728323699421965,
      0.9322709163346613,
      0.9349112426035503,
      0.9201596806387226,
      0.842
    ],
    [
      0.9650485436893204,
      0.9562624254473161,
      0.9544554455445544,
      0.942,
      0.9267326732673268
    ],
    [
      0.9634615384615385,
      0.992,
      0.9980237154150198,
      0.998019801980198,
      1.0
    ],
    [
      0.8552631578947368,
      0.8502415458937198,
      0.8958333333333334,
      0.9012048192771084,
      0.864367816091954
    ],
    [
      0.5222222222222223,
      0.6261682242990654,
      0.6213592233009708,
      0.6929824561403509,
      0.6421052631578947
    ],
    [
      0.27450980392156865,
      0.32653061224489793,
      0.25,
      0.1694915254237288,
      0.15789473684210525
    ],
    [
      0.13636363636363635,
      0.19230769230769232,
      0.11538461538461539,
      0.10869565217391304,
      0.021739130434782608
    ]
  ],
  "timestamp": "2026-01-15T02:10:41.099321",
  "seed": 42,
  "num_episodes_per_condition": 500
}