{
  "policy_name": "M4_pose_pose_freeze",
  "variant": 2,
  "conditions": [
    "1",
    "5",
    "10",
    "15",
    "20",
    "25",
    "30",
    "35"
  ],
  "durations": [
    5,
    10,
    20,
    40,
    80
  ],
  "success_matrix": [
    [
      0.9669902912621359,
      0.9362549800796812,
      0.8937007874015748,
      0.7909270216962525,
      0.09306930693069307
    ],
    [
      0.8803921568627451,
      0.96,
      0.9387351778656127,
      0.7258382642998028,
      0.104
    ],
    [
      0.9303675048355899,
      0.998062015503876,
      0.9941860465116279,
      0.9844660194174757,
      0.9961538461538462
    ],
    [
      0.9941060903732809,
      0.9940476190476191,
      0.9961089494163424,
      0.97265625,
      0.9861660079051383
    ],
    [
      0.8639798488664987,
      0.8771498771498771,
      0.8772378516624041,
      0.8926701570680629,
      0.8608247422680413
    ],
    [
      0.648936170212766,
      0.625,
      0.5612244897959183,
      0.6048387096774194,
      0.6385542168674698
    ],
    [
      0.25862068965517243,
      0.2619047619047619,
      0.3103448275862069,
      0.30612244897959184,
      0.06349206349206349
    ],
    [
      0.08888888888888889,
      0.09302325581395349,
      0.14893617021276595,
      0.03125,
      0.07272727272727272
    ]
  ],
  "timestamp": "2026-01-15T01:49:58.978288",
  "seed": 42,
  "num_episodes_per_condition": 500
}