{
  "policy_name": "M4_pose_pose_freeze",
  "variant": 1,
  "conditions": [
    "reach",
    "grasp",
    "lift",
    "transport",
    "place"
  ],
  "durations": [
    5,
    10,
    20,
    40,
    80
  ],
  "success_matrix": [
    [
      0.9612403100775194,
      0.9604743083003953,
      0.93713163064833,
      0.8134920634920635,
      0.094
    ],
    [
      0.8996138996138996,
      0.9490196078431372,
      0.9408284023668639,
      0.6946107784431138,
      0.099601593625498
    ],
    [
      0.9267822736030829,
      0.947265625,
      0.946,
      0.8290258449304175,
      0.34901960784313724
    ],
    [
      0.9722772277227723,
      0.9662698412698413,
      0.960552268244576,
      0.844,
      0.07984031936127745
    ],
    [
      0.9780439121756487,
      0.9903474903474904,
      0.996078431372549,
      0.9941972920696325,
      0.9941060903732809
    ]
  ],
  "timestamp": "2026-01-15T00:59:38.837674",
  "seed": 42,
  "num_episodes_per_condition": 500
}