{
  "policy_name": "M4_pose_pose_hard",
  "variant": 2,
  "conditions": [
    "1",
    "5",
    "10",
    "15",
    "20",
    "25",
    "30",
    "35"
  ],
  "durations": [
    5,
    10,
    20,
    40,
    80
  ],
  "success_matrix": [
    [
      0.9223107569721115,
      0.07768924302788845,
      0.0,
      0.0,
      0.0
    ],
    [
      0.9352941176470588,
      0.8027888446215139,
      0.16,
      0.02976190476190476,
      0.0
    ],
    [
      0.8904382470119522,
      0.9442231075697212,
      0.3996023856858847,
      0.17904761904761904,
      0.1532567049808429
    ],
    [
      0.9627450980392157,
      0.9683794466403162,
      0.8782435129740519,
      0.868,
      0.900398406374502
    ],
    [
      0.9050445103857567,
      0.641399416909621,
      0.44904458598726116,
      0.40584415584415584,
      0.34594594594594597
    ],
    [
      0.7473684210526316,
      0.6633663366336634,
      0.4883720930232558,
      0.4339622641509434,
      0.3473684210526316
    ],
    [
      0.6712328767123288,
      0.6153846153846154,
      0.2807017543859649,
      0.37037037037037035,
      0.2361111111111111
    ],
    [
      0.6415094339622641,
      0.4791666666666667,
      0.3584905660377358,
      0.45098039215686275,
      0.3829787234042553
    ]
  ],
  "timestamp": "2026-01-15T01:29:11.816363",
  "seed": 42,
  "num_episodes_per_condition": 500
}