{
  "policy_name": "M4_pose_pose_hard",
  "variant": 1,
  "conditions": [
    "reach",
    "grasp",
    "lift",
    "transport",
    "place"
  ],
  "durations": [
    5,
    10,
    20,
    40,
    80
  ],
  "success_matrix": [
    [
      0.9760479041916168,
      0.03436426116838488,
      0.0,
      0.0,
      0.0
    ],
    [
      0.8619329388560157,
      0.9330708661417323,
      0.35984095427435386,
      0.0718562874251497,
      0.001976284584980237
    ],
    [
      0.9357976653696498,
      0.966796875,
      0.6936758893280632,
      0.2594059405940594,
      0.09019607843137255
    ],
    [
      0.9844357976653697,
      0.9644268774703557,
      0.7241379310344828,
      0.3107569721115538,
      0.05588822355289421
    ],
    [
      0.9346534653465347,
      0.9098039215686274,
      0.4308300395256917,
      0.3522504892367906,
      0.3201581027667984
    ]
  ],
  "timestamp": "2026-01-15T00:52:44.250668",
  "seed": 42,
  "num_episodes_per_condition": 500
}