{
  "policy_name": "M4_pose_pose_delay",
  "variant": 1,
  "conditions": [
    "reach",
    "grasp",
    "lift",
    "transport",
    "place"
  ],
  "durations": [
    5,
    10,
    20,
    40,
    80
  ],
  "success_matrix": [
    [
      0.9844054580896686,
      0.9784313725490196,
      0.9646365422396856,
      0.8346613545816733,
      0.7215686274509804
    ],
    [
      0.8838582677165354,
      0.9372549019607843,
      0.9429133858267716,
      0.8851485148514852,
      0.858
    ],
    [
      0.939453125,
      0.9447731755424064,
      0.9563492063492064,
      0.9145129224652088,
      0.8754940711462451
    ],
    [
      0.9494163424124513,
      0.9560878243512974,
      0.9204771371769384,
      0.904296875,
      0.9025341130604289
    ],
    [
      0.8951456310679612,
      0.9781746031746031,
      0.9864603481624759,
      0.9862204724409449,
      0.9782178217821782
    ]
  ],
  "timestamp": "2026-01-15T01:05:50.676176",
  "seed": 42,
  "num_episodes_per_condition": 500
}