{
  "policy_name": "M1_policy_pose_freeze",
  "variant": 2,
  "conditions": [
    "1",
    "5",
    "10",
    "15",
    "20",
    "25",
    "30",
    "35"
  ],
  "durations": [
    5,
    10,
    20,
    40,
    80
  ],
  "success_matrix": [
    [
      0.878,
      0.878,
      0.72,
      0.562,
      0.258
    ],
    [
      0.65,
      0.844,
      0.69,
      0.534,
      0.176
    ],
    [
      0.768,
      0.9,
      0.77,
      0.766,
      0.71
    ],
    [
      0.9,
      0.928,
      0.966,
      0.948,
      0.972
    ],
    [
      0.868,
      0.868,
      0.872,
      0.836,
      0.832
    ],
    [
      0.85,
      0.858,
      0.856,
      0.808,
      0.808
    ],
    [
      0.816,
      0.784,
      0.802,
      0.734,
      0.728
    ],
    [
      0.7189189189189189,
      0.7852941176470588,
      0.7103825136612022,
      0.6303030303030303,
      0.6545961002785515
    ]
  ],
  "timestamp": "2026-01-15T04:32:40.931331",
  "seed": 42,
  "num_episodes_per_condition": 500
}