{
  "policy_name": "M1_policy_pose_hard",
  "variant": 2,
  "conditions": [
    "1",
    "5",
    "10",
    "15",
    "20",
    "25",
    "30",
    "35"
  ],
  "durations": [
    5,
    10,
    20,
    40,
    80
  ],
  "success_matrix": [
    [
      0.76,
      0.214,
      0.038,
      0.022,
      0.0
    ],
    [
      0.802,
      0.7,
      0.522,
      0.232,
      0.002
    ],
    [
      0.814,
      0.854,
      0.73,
      0.506,
      0.182
    ],
    [
      0.862,
      0.91,
      0.856,
      0.83,
      0.82
    ],
    [
      0.816,
      0.85,
      0.742,
      0.596,
      0.482
    ],
    [
      0.83,
      0.814,
      0.764,
      0.63,
      0.464
    ],
    [
      0.82,
      0.768,
      0.714,
      0.484,
      0.422
    ],
    [
      0.7583333333333333,
      0.6701570680628273,
      0.5828220858895705,
      0.3977272727272727,
      0.38243626062322944
    ]
  ],
  "timestamp": "2026-01-15T04:13:22.313881",
  "seed": 42,
  "num_episodes_per_condition": 500
}