{
  "policy_name": "M1_policy_pose_delay",
  "variant": 2,
  "conditions": [
    "1",
    "5",
    "10",
    "15",
    "20",
    "25",
    "30",
    "35"
  ],
  "durations": [
    5,
    10,
    20,
    40,
    80
  ],
  "success_matrix": [
    [
      0.836,
      0.772,
      0.79,
      0.628,
      0.528
    ],
    [
      0.75,
      0.848,
      0.764,
      0.71,
      0.722
    ],
    [
      0.788,
      0.82,
      0.794,
      0.776,
      0.768
    ],
    [
      0.88,
      0.912,
      0.952,
      0.972,
      0.974
    ],
    [
      0.874,
      0.868,
      0.888,
      0.86,
      0.876
    ],
    [
      0.854,
      0.872,
      0.854,
      0.848,
      0.858
    ],
    [
      0.804,
      0.808,
      0.842,
      0.802,
      0.798
    ],
    [
      0.7639593908629442,
      0.7713498622589532,
      0.75,
      0.7605263157894737,
      0.7472527472527473
    ]
  ],
  "timestamp": "2026-01-15T04:51:31.384171",
  "seed": 42,
  "num_episodes_per_condition": 500
}