{
  "policy_name": "M1_policy_pose_noise",
  "variant": 2,
  "conditions": [
    "1",
    "5",
    "10",
    "15",
    "20",
    "25",
    "30",
    "35"
  ],
  "durations": [
    5,
    10,
    20,
    40,
    80
  ],
  "success_matrix": [
    [
      0.876,
      0.88,
      0.88,
      0.854,
      0.86
    ],
    [
      0.862,
      0.84,
      0.914,
      0.918,
      0.882
    ],
    [
      0.928,
      0.932,
      0.922,
      0.928,
      0.932
    ],
    [
      0.954,
      0.962,
      0.978,
      0.964,
      0.956
    ],
    [
      0.872,
      0.888,
      0.89,
      0.884,
      0.888
    ],
    [
      0.88,
      0.88,
      0.87,
      0.876,
      0.878
    ],
    [
      0.816,
      0.822,
      0.83,
      0.846,
      0.81
    ],
    [
      0.7101063829787234,
      0.7673130193905817,
      0.7533875338753387,
      0.7537091988130564,
      0.7840236686390533
    ]
  ],
  "timestamp": "2026-01-15T05:09:29.746696",
  "seed": 42,
  "num_episodes_per_condition": 500
}