{
  "policy_name": "M2_policy_pose_freeze",
  "variant": 2,
  "conditions": [
    "1",
    "5",
    "10",
    "15",
    "20",
    "25",
    "30",
    "35"
  ],
  "durations": [
    5,
    10,
    20,
    40,
    80
  ],
  "success_matrix": [
    [
      0.85,
      0.92,
      0.906,
      0.862,
      0.186
    ],
    [
      0.78,
      0.96,
      0.922,
      0.79,
      0.162
    ],
    [
      0.774,
      0.912,
      0.908,
      0.866,
      0.832
    ],
    [
      0.962,
      0.962,
      0.98,
      0.956,
      0.952
    ],
    [
      0.978,
      0.978,
      0.98,
      0.974,
      0.97
    ],
    [
      0.938,
      0.954,
      0.964,
      0.952,
      0.916
    ],
    [
      0.89,
      0.838,
      0.882,
      0.828,
      0.792
    ],
    [
      0.7947686116700201,
      0.778,
      0.7640918580375783,
      0.734,
      0.758
    ]
  ],
  "timestamp": "2026-01-15T06:19:34.588518",
  "seed": 42,
  "num_episodes_per_condition": 500
}