{
  "policy_name": "M2_policy_pose_hard",
  "variant": 2,
  "conditions": [
    "1",
    "5",
    "10",
    "15",
    "20",
    "25",
    "30",
    "35"
  ],
  "durations": [
    5,
    10,
    20,
    40,
    80
  ],
  "success_matrix": [
    [
      0.74,
      0.234,
      0.298,
      0.108,
      0.006
    ],
    [
      0.5,
      0.508,
      0.278,
      0.042,
      0.0
    ],
    [
      0.814,
      0.912,
      0.792,
      0.502,
      0.158
    ],
    [
      0.902,
      0.918,
      0.846,
      0.638,
      0.488
    ],
    [
      0.89,
      0.944,
      0.886,
      0.834,
      0.776
    ],
    [
      0.894,
      0.87,
      0.868,
      0.746,
      0.664
    ],
    [
      0.832,
      0.788,
      0.718,
      0.496,
      0.464
    ],
    [
      0.774,
      0.6748466257668712,
      0.612,
      0.35,
      0.37310195227765725
    ]
  ],
  "timestamp": "2026-01-15T06:02:31.274784",
  "seed": 42,
  "num_episodes_per_condition": 500
}