{
  "policy_name": "M3_pose_pose_noise",
  "variant": 2,
  "conditions": [
    "1",
    "5",
    "10",
    "15",
    "20",
    "25",
    "30",
    "35"
  ],
  "durations": [
    5,
    10,
    20,
    40,
    80
  ],
  "success_matrix": [
    [
      0.956,
      0.966,
      0.968,
      0.97,
      0.96
    ],
    [
      0.978,
      0.99,
      0.986,
      0.99,
      0.984
    ],
    [
      0.994,
      0.992,
      0.984,
      0.988,
      0.994
    ],
    [
      0.992,
      0.998,
      0.998,
      0.992,
      0.994
    ],
    [
      0.982,
      0.986,
      0.996,
      0.992,
      0.99
    ],
    [
      0.832,
      0.862,
      0.876,
      0.928,
      0.93
    ],
    [
      0.6602316602316602,
      0.7679324894514767,
      0.7551867219917012,
      0.8240343347639485,
      0.7639484978540773
    ],
    [
      0.5705882352941176,
      0.5796178343949044,
      0.6746987951807228,
      0.7830188679245284,
      0.7814207650273224
    ]
  ],
  "timestamp": "2026-01-15T08:43:41.830095",
  "seed": 42,
  "num_episodes_per_condition": 500
}