{
  "policy_name": "M3_pose_pose_delay",
  "variant": 2,
  "conditions": [
    "1",
    "5",
    "10",
    "15",
    "20",
    "25",
    "30",
    "35"
  ],
  "durations": [
    5,
    10,
    20,
    40,
    80
  ],
  "success_matrix": [
    [
      0.936,
      0.948,
      0.9,
      0.884,
      0.824
    ],
    [
      0.95,
      0.976,
      0.98,
      0.966,
      0.966
    ],
    [
      0.984,
      0.99,
      0.988,
      0.99,
      0.992
    ],
    [
      0.986,
      0.994,
      0.996,
      0.998,
      0.994
    ],
    [
      0.988,
      0.986,
      0.982,
      0.986,
      0.99
    ],
    [
      0.774,
      0.826,
      0.786,
      0.804,
      0.788
    ],
    [
      0.5086206896551724,
      0.537117903930131,
      0.5388127853881278,
      0.5210084033613446,
      0.5211267605633803
    ],
    [
      0.38095238095238093,
      0.3355263157894737,
      0.3488372093023256,
      0.37423312883435583,
      0.37790697674418605
    ]
  ],
  "timestamp": "2026-01-15T08:24:08.349672",
  "seed": 42,
  "num_episodes_per_condition": 500
}