{
  "policy_name": "M3_pose_pose_freeze",
  "variant": 2,
  "conditions": [
    "1",
    "5",
    "10",
    "15",
    "20",
    "25",
    "30",
    "35"
  ],
  "durations": [
    5,
    10,
    20,
    40,
    80
  ],
  "success_matrix": [
    [
      0.958,
      0.966,
      0.942,
      0.93,
      0.518
    ],
    [
      0.612,
      0.98,
      0.97,
      0.938,
      0.244
    ],
    [
      0.938,
      0.994,
      0.99,
      0.988,
      0.99
    ],
    [
      0.996,
      0.998,
      0.994,
      1.0,
      0.992
    ],
    [
      0.984,
      0.978,
      0.984,
      0.984,
      0.982
    ],
    [
      0.798,
      0.808,
      0.812,
      0.784,
      0.782
    ],
    [
      0.4881516587677725,
      0.5925925925925926,
      0.4688995215311005,
      0.5161290322580645,
      0.49372384937238495
    ],
    [
      0.34911242603550297,
      0.2934131736526946,
      0.3271604938271605,
      0.42391304347826086,
      0.3503184713375796
    ]
  ],
  "timestamp": "2026-01-15T08:03:40.767279",
  "seed": 42,
  "num_episodes_per_condition": 500
}