{
  "policy_name": "M3_pose_pose_hard",
  "variant": 2,
  "conditions": [
    "1",
    "5",
    "10",
    "15",
    "20",
    "25",
    "30",
    "35"
  ],
  "durations": [
    5,
    10,
    20,
    40,
    80
  ],
  "success_matrix": [
    [
      0.924,
      0.176,
      0.0,
      0.0,
      0.0
    ],
    [
      0.752,
      0.422,
      0.084,
      0.018,
      0.0
    ],
    [
      0.822,
      0.948,
      0.966,
      0.808,
      0.69
    ],
    [
      0.936,
      0.982,
      0.982,
      0.964,
      0.966
    ],
    [
      0.95,
      0.962,
      0.886,
      0.822,
      0.772
    ],
    [
      0.916,
      0.928,
      0.776,
      0.676,
      0.6993865030674846
    ],
    [
      0.832,
      0.8217391304347826,
      0.5936254980079682,
      0.592436974789916,
      0.584070796460177
    ],
    [
      0.7272727272727273,
      0.8287292817679558,
      0.5508982035928144,
      0.4117647058823529,
      0.5027322404371585
    ]
  ],
  "timestamp": "2026-01-15T07:42:58.251876",
  "seed": 42,
  "num_episodes_per_condition": 500
}