{
  "policy_name": "M4_pose_pose_noise",
  "variant": 2,
  "conditions": [
    "1",
    "5",
    "10",
    "15",
    "20",
    "25",
    "30",
    "35"
  ],
  "durations": [
    5,
    10,
    20,
    40,
    80
  ],
  "success_matrix": [
    [
      0.974,
      0.95,
      0.958,
      0.948,
      0.938
    ],
    [
      0.982,
      0.978,
      0.988,
      0.986,
      0.99
    ],
    [
      0.998,
      0.992,
      0.982,
      0.992,
      0.994
    ],
    [
      0.992,
      0.994,
      1.0,
      0.994,
      0.996
    ],
    [
      0.8872549019607843,
      0.898936170212766,
      0.9265536723163842,
      0.8967254408060453,
      0.9084158415841584
    ],
    [
      0.6521739130434783,
      0.5625,
      0.7058823529411765,
      0.7192982456140351,
      0.6601941747572816
    ],
    [
      0.2857142857142857,
      0.3673469387755102,
      0.425531914893617,
      0.29310344827586204,
      0.28
    ],
    [
      0.16279069767441862,
      0.13157894736842105,
      0.3,
      0.14814814814814814,
      0.14893617021276595
    ]
  ],
  "timestamp": "2026-01-15T10:36:03.385121",
  "seed": 42,
  "num_episodes_per_condition": 500
}