{
  "policy_name": "M4_pose_pose_hard",
  "variant": 2,
  "conditions": [
    "1",
    "5",
    "10",
    "15",
    "20",
    "25",
    "30",
    "35"
  ],
  "durations": [
    5,
    10,
    20,
    40,
    80
  ],
  "success_matrix": [
    [
      0.92,
      0.072,
      0.0,
      0.0,
      0.0
    ],
    [
      0.916,
      0.774,
      0.17,
      0.028,
      0.0
    ],
    [
      0.906,
      0.944,
      0.424,
      0.19,
      0.152
    ],
    [
      0.948,
      0.966,
      0.914,
      0.896,
      0.924
    ],
    [
      0.9223880597014925,
      0.6363636363636364,
      0.42424242424242425,
      0.3888888888888889,
      0.37110481586402266
    ],
    [
      0.7752808988764045,
      0.6761904761904762,
      0.5392156862745098,
      0.3592233009708738,
      0.3333333333333333
    ],
    [
      0.6973684210526315,
      0.6538461538461539,
      0.42592592592592593,
      0.36363636363636365,
      0.4090909090909091
    ],
    [
      0.5555555555555556,
      0.5217391304347826,
      0.45098039215686275,
      0.2909090909090909,
      0.375
    ]
  ],
  "timestamp": "2026-01-15T09:34:20.335953",
  "seed": 42,
  "num_episodes_per_condition": 500
}