{
  "policy_name": "M4_pose_pose_delay",
  "variant": 2,
  "conditions": [
    "1",
    "5",
    "10",
    "15",
    "20",
    "25",
    "30",
    "35"
  ],
  "durations": [
    5,
    10,
    20,
    40,
    80
  ],
  "success_matrix": [
    [
      0.956,
      0.988,
      0.946,
      0.814,
      0.72
    ],
    [
      0.874,
      0.93,
      0.944,
      0.916,
      0.87
    ],
    [
      0.956,
      0.932,
      0.944,
      0.924,
      0.886
    ],
    [
      0.968,
      0.984,
      0.998,
      0.998,
      0.996
    ],
    [
      0.8870192307692307,
      0.9020100502512562,
      0.87146529562982,
      0.8832116788321168,
      0.9122807017543859
    ],
    [
      0.6,
      0.5775862068965517,
      0.52,
      0.6086956521739131,
      0.5339805825242718
    ],
    [
      0.25925925925925924,
      0.28,
      0.32608695652173914,
      0.2972972972972973,
      0.3448275862068966
    ],
    [
      0.04878048780487805,
      0.045454545454545456,
      0.08108108108108109,
      0.09433962264150944,
      0.21153846153846154
    ]
  ],
  "timestamp": "2026-01-15T10:16:14.591782",
  "seed": 42,
  "num_episodes_per_condition": 500
}