{
  "policy_name": "M4_pose_pose_freeze",
  "variant": 2,
  "conditions": [
    "1",
    "5",
    "10",
    "15",
    "20",
    "25",
    "30",
    "35"
  ],
  "durations": [
    5,
    10,
    20,
    40,
    80
  ],
  "success_matrix": [
    [
      0.944,
      0.918,
      0.912,
      0.846,
      0.126
    ],
    [
      0.856,
      0.958,
      0.946,
      0.724,
      0.134
    ],
    [
      0.922,
      0.998,
      0.99,
      0.99,
      0.984
    ],
    [
      0.996,
      0.992,
      0.986,
      0.992,
      1.0
    ],
    [
      0.8823529411764706,
      0.8903394255874674,
      0.888631090487239,
      0.8594594594594595,
      0.8517587939698492
    ],
    [
      0.5894736842105263,
      0.6846846846846847,
      0.6363636363636364,
      0.5283018867924528,
      0.5727272727272728
    ],
    [
      0.225,
      0.17391304347826086,
      0.2222222222222222,
      0.16129032258064516,
      0.18
    ],
    [
      0.14285714285714285,
      0.08888888888888889,
      0.0625,
      0.043478260869565216,
      0.13333333333333333
    ]
  ],
  "timestamp": "2026-01-15T09:55:20.292979",
  "seed": 42,
  "num_episodes_per_condition": 500
}